name,phone,email,CERTIFICATIONS,OBJECTIVE
HARPER RUSSO,+123-456-7890,hello@reallygreatsite.com,,"I am a proficient Business Operations Manager with a strong focus on achieving outcomes, possessing
notable expertise in media management and assuming leadership responsibilities. I have demonstrated
exceptional leadership capabilities while overseeing and directing media operations in North America and the
APAC region. I have a proven track record of enhancing team performance, fostering customer loyalty, and
cultivating collaborative alliances with internal and external stakeholders."
Henrietta Mitchell,+123-456-7890,hello@reallygreatsite.com,"Graduate Project Management Certification
Impact Evaluation Methods 3-Day Short Course","Motivated and results-driven Business School graduate seeking a challenging position within a large
organisation as a Business Analyst or Project Manager. Offering a strong foundation in business strategy,
data analysis, and project management, with a proven ability to drive efficiency, deliver successful outcomes
and collaborate within cross-functional teams."
DANIEL GALLEGO,,hello@reallygreatsite.com,"Professional Design Engineer (PDE) License, Project Management Tech (PMT)","UX Designer with a focus on delivering impactful results, eager to tackle dynamic challenges and apply
creativity to craft intuitive user experiences. Demonstrated proficiency in project management, user-centric
problem-solving, and seamless collaboration across teams. Skilled in leveraging state-of-the-art tools and
methodologies to streamline processes and elevate user satisfaction"
RICHARD SANCHEZ,+123-456-7890,hello@reallygreatsite.com,,"Lorem ipsum dolor sit amet, consectetur adipiscing elit, sed do eiusmod
tempor incididunt ut labore et dolore magna aliqua. Ut enim ad minim
veniam quis nostrud exercitation. Lorem ipsum dolor sit amet, consectetur
adipiscing elit, sed do eiusmod tempor incididunt ut labore et dolore magna
aliqua. Ut enim ad minim veniam quis nostrud exercitation."
RICHARD SANCHEZ,+123-456-7890,hello@reallygreatsite.com,,"Lorem ipsum dolor sit amet, consectetur adipiscing elit, sed do eiusmod tempor
incididunt ut labore et dolore magna aliqua. Ut enim ad minim veniam quis
nostrud exercitation. Lorem ipsum dolor sit amet, consectetur adipiscing elit,
sed do eiusmod tempor incididunt ut labore et dolore magna aliqua. Ut enim ad
minim veniam quis nostrud exercitation. Ut enim ad minim veniam quis nostrud
exercitation."
Samuel Stroms,123-456-7890,hello@reallygreatsite.com,,"Creative and patient licensed high school English teacher with a year of specialized teacher training.
Possesses excellent communication skills and employs innovative methods to develop lesson plans
aligned with the curriculum. Eager to contribute to studentsâ€™ holistic growth and the advancement of
high-quality secondary education."
"LORNA
ALVARADO",+123-456-7890,hello@reallygreatsite.com,,"Lorem ipsum dolor sit amet, consectetur adipiscing elit, sed 2029 - 2030
do eiusmod tempor incididunt ut labore et dolore magna WARDIERE UNIVERSITY
aliqua. Ut enim ad minim veniam quis nostrud exercitation.
Lorem ipsum dolor sit amet, consectetur adipiscing elit, sed
do eiusmod tempor incididunt ut labore et dolore magna
aliqua. Ut enim ad minim veniam quis nostrud exercitation. 2025 - 2029
Ut enim ad minim veniam quis nostrud exercitation. WARDIERE UNIVERSITY"
Emma Ahearn,+123-456-7890,hello@reallygreatsite.com,,"I am a chemistry graduate seeking to apply my extensive academic background and laboratory experience
in an organization with an innovative vision. I am looking forward to contributing to a dynamic team and
supporting research and development efforts."
Samira Alcaraz,+123-456-7890,hello@reallygreatsite.com,"Project Management | 2027 System Optimization | 2028
The Project Management Institute Scrum Learning Society
Risk Management and Mitigation | 2028 Vendor Relations | 2030
Internal Auditors Team South City College",
LAURICE MORETTI,+123-456-7890,hello@reallygreatsite.com,"Project Management | 2027 System Optimization | 2028
The Project Management Institute Scrum Learning Society
Risk Management and Mitigation | 2028 Vendor Relations | 2030
Internal Auditors Team North State University","I am a committed and innovative systems design professional with 10 years of experience creating,
implementing, and optimizing complex systems."
